,SOW<5.0pages,SOW>5.0 pages,MSA/PSA<15.0pages,MSA/PSA>15.0pages,NDA<4.0pages,NDA>4.0pages
Q-Tempelate,1.2857142857142858,1.125,1.125,4.428571428571429,,4.3076923076923075
Non Q-tempelate,1.75,2.5,2.5625,3.2222222222222223,1.9444444444444444,1.3333333333333333
pvalue,0.7505143121798894,0.8290134917157256,0.9514424542433392,0.3597899531131212,,0.18937512039332471
