,AWS,GCP
Q-Tempelate,5.809523809523809,1.7142857142857142
Non-Q Tempelate,1.9523809523809523,1.7058823529411764
pvalue,0.2089335759362939,0.9821958750059223
